loop_ms,infer_ms
23.399,22.108
16.650,15.259
17.889,16.400
15.369,14.203
15.867,14.976
35.918,34.534
16.087,14.859
18.032,16.022
16.449,14.482
14.537,12.791
15.232,13.634
13.818,12.568
15.811,13.634
15.858,14.338
14.033,13.011
37.102,35.512
14.449,13.414
15.911,14.980
16.367,14.702
14.869,13.895
16.017,15.003
17.057,15.025
16.731,15.315
13.733,12.526
16.041,14.296
36.041,34.713
14.220,13.244
15.757,14.456
14.360,13.314
17.540,16.183
19.777,17.698
21.720,20.495
19.063,16.829
16.182,14.428
17.729,15.313
32.463,30.970
9.963,7.372
8.801,7.092
9.410,7.980
10.891,8.443
9.241,7.218
9.944,8.946
8.108,6.894
8.230,6.718
9.211,7.671
32.108,30.932
7.823,6.642
8.453,7.401
7.836,6.660
9.246,7.863
9.322,7.877
8.880,7.364
7.836,6.747
7.317,6.374
8.681,7.368
30.464,29.298
7.036,6.138
7.573,6.677
7.903,7.019
14.147,12.536
7.927,6.904
8.938,7.396
8.950,7.915
7.554,6.290
7.345,6.243
28.918,27.068
7.196,6.174
8.705,7.533
8.100,7.097
7.877,6.795
8.470,7.529
8.283,7.030
8.143,6.945
7.489,6.347
7.957,6.478
29.030,27.877
7.564,6.664
7.362,6.337
6.975,6.051
7.342,5.873
8.492,7.284
8.074,7.158
7.846,6.981
8.138,7.251
7.157,6.209
27.065,26.172
7.350,6.416
7.086,6.095
7.941,7.015
7.141,5.911
8.984,7.686
9.150,6.856
9.408,8.072
7.404,6.252
7.590,6.517
32.560,31.027
9.049,7.500
8.055,7.180
8.139,7.013
7.012,6.064
7.865,6.823
7.819,6.795
7.986,7.078
8.467,7.185
9.655,8.394
27.437,26.537
8.934,7.818
6.913,6.043
8.507,7.338
6.930,5.892
6.931,6.045
8.465,7.207
8.374,7.411
7.690,6.584
7.692,6.554
27.537,26.481
8.647,7.671
7.732,6.486
7.618,6.537
7.488,6.160
7.994,6.333
6.675,5.829
7.732,6.550
7.435,6.514
7.471,6.477
26.866,25.980
7.301,6.419
8.360,7.394
7.002,5.838
8.856,7.957
9.095,7.781
9.551,7.921
7.623,6.385
7.244,6.227
7.642,6.736
27.305,26.445
6.630,5.807
7.125,6.031
7.856,6.975
7.444,6.569
8.215,7.219
8.484,6.873
9.605,8.096
8.150,6.417
7.433,6.327
28.566,27.608
8.106,6.923
7.694,5.781
7.922,6.609
7.143,6.200
7.644,6.708
6.676,5.811
8.754,7.757
9.008,7.076
9.322,8.265
28.770,27.825
9.314,7.858
9.955,7.733
9.367,8.097
9.339,8.245
8.120,7.240
7.778,6.718
8.357,6.755
8.238,6.570
7.327,6.385
28.692,27.771
8.529,7.531
7.442,5.938
7.568,6.030
7.094,6.075
7.288,6.358
7.094,6.239
9.341,8.322
8.619,7.648
8.181,7.012
28.502,27.473
6.510,5.638
6.976,5.935
8.589,7.485
7.756,6.710
8.345,6.639
7.509,6.287
8.490,6.523
7.400,6.401
6.907,6.017
26.787,25.861
6.829,5.915
6.959,5.476
7.132,6.234
7.723,6.197
7.804,6.409
7.104,6.111
7.565,6.359
8.229,6.814
8.664,7.664
27.912,26.952
7.416,6.059
6.916,5.926
8.247,6.911
8.513,7.512
8.841,7.922
8.210,7.355
7.570,6.558
9.993,8.221
8.016,6.633
28.292,26.939
7.213,6.333
7.107,6.271
8.132,7.099
7.586,6.620
8.018,7.091
8.034,7.100
7.532,6.649
7.097,6.059
7.715,6.008
28.742,27.703
9.264,7.323
9.239,7.129
9.093,8.067
8.128,7.176
8.059,6.900
7.584,6.319
7.391,6.363
8.054,6.925
7.687,6.726
27.678,26.736
6.884,6.025
6.748,5.862
8.235,7.264
7.826,6.880
8.057,7.027
8.138,7.271
7.756,6.789
8.104,6.638
7.486,6.119
28.650,27.385
7.123,6.272
7.884,6.251
8.299,7.109
7.526,6.527
7.219,6.287
7.224,6.370
9.996,8.594
8.915,7.617
9.308,8.280
32.474,31.197
6.753,5.928
6.717,5.899
6.953,5.955
7.412,6.491
7.514,6.647
7.731,6.849
7.230,6.342
8.365,7.320
7.613,6.410
27.384,26.160
7.177,6.330
8.988,7.338
7.844,6.920
8.186,7.191
8.565,7.119
7.942,7.001
7.382,6.395
9.135,7.458
7.370,6.154
27.828,26.942
7.396,6.504
7.560,6.631
8.106,7.019
7.857,6.651
8.579,7.217
7.333,6.494
6.923,6.066
8.700,7.566
9.404,7.322
31.300,29.585
8.323,7.032
8.031,6.931
7.580,6.462
8.598,7.678
8.210,7.014
7.569,6.618
7.316,6.397
7.892,6.127
7.344,6.020
28.200,27.032
6.962,6.058
6.823,5.991
8.360,7.409
7.780,6.809
8.119,6.779
7.429,6.534
7.383,6.123
8.090,6.513
7.241,6.078
28.519,26.592
6.862,5.994
7.473,6.463
8.342,7.073
8.078,6.570
7.574,6.377
7.171,6.212
10.721,9.392
10.233,9.203
10.672,9.262
37.981,37.058
9.456,8.516
9.903,8.755
10.580,9.139
10.156,9.155
10.042,8.958
10.187,8.487
10.448,9.149
9.934,8.442
7.057,6.113
28.305,26.751
8.613,6.970
7.053,6.108
7.571,6.498
7.346,6.341
7.712,6.770
8.004,7.101
7.690,6.732
9.112,7.432
7.823,6.335
35.623,34.484
10.051,9.056
9.069,8.097
9.379,8.309
9.986,9.085
9.719,8.802
9.810,8.848
10.612,9.496
10.042,8.910
10.734,8.765
41.493,40.557
7.254,6.338
7.204,6.123
8.596,7.519
7.716,6.539
7.931,6.772
7.512,6.603
8.129,6.913
9.373,7.799
8.546,6.840
28.827,27.298
6.959,6.100
8.003,6.748
8.374,6.738
8.671,7.631
10.129,9.010
9.433,8.432
10.204,9.177
10.308,9.370
9.897,8.669
34.890,33.956
9.017,7.997
9.245,8.230
9.134,8.196
9.317,8.417
10.343,9.333
7.790,6.481
7.175,6.217
7.896,6.227
7.355,6.281
30.077,29.058
9.131,7.902
6.924,5.971
7.453,6.111
7.514,6.620
7.398,6.470
8.225,7.293
7.375,6.387
7.692,6.378
7.880,5.999
28.981,26.835
6.794,5.925
7.605,6.196
7.746,6.077
8.499,7.500
7.106,6.200
7.315,6.485
7.247,6.321
7.394,6.230
8.279,7.325
28.698,27.800
6.866,6.045
6.993,6.114
8.024,7.136
7.270,6.402
7.440,6.516
7.882,6.581
7.059,6.117
8.408,7.228
7.649,5.951
29.515,28.280
9.364,8.261
8.123,6.354
8.290,7.069
7.683,6.787
7.528,6.659
7.650,6.777
8.098,7.160
8.782,7.609
8.410,6.749
28.566,27.244
7.447,6.475
7.892,6.434
9.090,7.488
7.478,6.570
7.620,6.707
7.498,6.651
7.632,6.614
7.776,6.678
7.474,6.503
28.002,27.032
6.943,6.063
7.215,6.287
8.578,7.157
8.605,7.069
7.816,6.490
7.750,6.630
7.269,6.304
8.226,6.462
7.509,6.603
26.905,25.971
7.005,5.933
7.689,6.575
7.288,6.409
7.686,6.746
7.703,6.796
7.698,6.824
8.283,7.362
8.130,7.114
8.956,7.929
28.791,27.825
8.878,7.837
7.502,6.525
6.826,5.904
7.531,6.573
7.444,6.605
7.576,6.640
9.123,8.159
8.346,7.144
8.335,7.075
31.293,30.438
8.905,7.991
10.525,9.486
11.098,9.909
10.254,8.681
9.734,8.642
9.851,8.588
9.717,8.493
10.357,9.390
10.014,9.009
38.753,37.764
9.180,8.184
9.616,8.328
7.440,6.545
9.322,7.591
8.067,6.783
8.326,6.920
11.425,9.913
9.370,7.733
9.335,8.059
31.413,30.371
8.235,6.921
7.660,6.621
6.873,5.859
7.716,6.803
9.490,8.624
10.022,9.132
9.493,8.454
11.299,10.031
9.959,8.609
35.060,33.928
9.071,8.183
8.788,7.838
9.886,8.952
9.929,8.897
9.703,8.708
9.192,8.176
7.197,6.225
7.052,6.088
6.763,5.779
27.789,26.750
7.129,6.239
8.156,7.304
8.412,6.949
7.955,6.618
7.727,6.373
7.567,6.339
7.356,6.433
7.103,6.144
7.856,6.858
28.391,27.343
7.038,6.167
7.976,6.921
7.834,6.206
9.274,8.099
7.595,6.558
7.220,6.245
7.031,6.182
9.305,8.302
8.324,7.294
35.393,34.439
10.986,9.836
12.785,11.525
10.515,9.414
10.202,9.085
10.827,9.664
9.878,8.769
10.631,8.622
10.203,9.117
9.717,8.685
37.158,36.238
10.335,8.761
7.128,6.127
8.323,6.727
7.614,6.474
7.769,6.761
8.035,7.099
9.715,7.882
12.845,11.285
9.722,8.388
28.509,27.489
6.775,5.836
6.779,5.877
7.594,6.175
8.535,7.463
7.535,6.371
7.511,6.488
7.924,6.946
7.541,6.558
7.270,6.048
29.420,28.406
8.399,6.806
7.780,6.623
10.395,9.402
8.337,7.069
8.266,6.869
8.344,7.139
7.324,6.428
7.016,6.163
8.683,7.733
29.509,28.644
6.794,5.891
7.299,6.443
7.528,6.378
8.239,6.714
7.302,6.382
7.286,6.388
7.710,6.801
11.287,9.054
12.160,10.449
35.324,34.348
10.645,9.379
9.128,8.133
9.930,8.731
9.482,8.430
9.601,8.585
9.429,8.349
11.352,10.353
10.386,8.926
10.113,8.534
32.914,31.883
7.075,6.150
9.009,7.649
8.322,6.604
8.218,7.080
7.259,6.219
7.998,7.127
7.480,6.606
7.284,6.388
7.811,6.862
30.272,29.273
7.220,6.159
7.440,6.534
10.976,9.260
10.286,8.856
8.513,7.470
10.478,9.005
9.343,8.237
10.405,9.498
10.324,9.327
35.124,34.200
9.124,8.181
9.322,8.296
9.783,8.802
10.460,8.940
8.770,6.792
6.893,5.921
7.105,6.204
6.891,5.972
7.974,6.638
28.287,27.309
7.055,6.161
9.829,7.842
7.232,6.135
7.547,6.597
7.450,6.420
7.749,6.867
7.479,6.532
8.351,7.110
7.998,6.792
28.346,27.322
7.235,6.361
6.780,5.828
6.952,5.951
7.455,6.271
7.324,6.490
6.903,6.040
7.467,6.541
7.790,6.567
8.381,7.255
30.461,28.978
7.174,5.962
7.048,6.174
8.128,7.167
8.628,7.677
8.239,6.932
7.897,6.733
7.823,6.540
7.044,6.048
8.796,7.458
36.148,35.105
9.773,8.501
10.415,9.439
10.983,9.935
9.950,8.701
9.529,8.473
10.102,8.771
10.934,9.905
10.106,9.161
9.852,8.673
36.001,34.864
10.671,9.059
7.271,6.293
8.200,6.149
7.417,6.378
7.455,6.402
7.046,6.115
7.810,6.835
8.366,6.718
8.499,6.747
29.248,27.694
7.500,6.143
7.089,6.051
6.922,5.979
7.540,6.657
9.645,8.693
9.627,8.709
9.991,8.898
10.460,9.196
10.186,8.830
39.835,38.896
9.619,8.466
8.972,8.052
10.898,9.877
9.501,8.254
9.541,8.638
9.563,8.623
7.824,6.902
6.780,5.869
7.457,5.661
30.561,29.661
7.863,6.826
7.228,6.200
7.526,5.872
7.099,6.066
6.937,6.061
6.824,5.979
7.679,6.680
8.315,7.046
9.658,8.526
35.701,34.745
9.310,7.978
9.052,8.170
10.046,8.985
9.336,8.220
9.171,8.116
9.428,8.337
10.048,9.029
9.916,8.923
10.273,8.744
31.234,30.310
7.683,6.694
7.699,6.416
7.880,6.445
7.531,6.515
7.179,6.258
7.157,6.239
7.768,6.780
8.949,7.910
9.652,7.945
30.653,28.803
8.955,7.496
11.732,9.809
8.785,7.727
7.865,6.557
7.975,6.904
8.406,7.456
9.266,7.996
7.661,6.327
8.090,6.657
29.695,28.596
8.369,7.323
8.032,6.509
9.142,7.451
8.188,7.064
7.919,6.960
8.116,7.081
10.968,9.870
9.558,8.212
8.216,7.044
31.638,30.560
7.716,6.590
7.372,6.291
10.424,8.874
9.986,8.358
8.307,7.195
9.514,7.969
9.562,7.934
11.695,10.133
8.405,7.140
28.028,27.059
7.338,6.127
9.154,7.590
7.887,6.411
7.200,6.027
6.862,5.853
7.340,6.432
7.553,6.625
7.645,6.629
7.451,6.447
28.414,27.357
7.414,6.490
8.190,6.821
8.201,6.835
7.293,6.344
7.619,6.763
7.338,6.450
7.581,6.717
8.855,7.620
8.033,6.617
30.096,28.576
9.149,7.913
9.957,8.865
10.136,9.083
9.994,9.052
10.164,9.288
9.592,8.651
11.419,9.743
11.354,9.410
9.080,8.145
49.302,48.004
14.328,13.396
14.440,13.246
14.242,13.286
14.489,13.349
14.237,13.283
15.480,14.421
13.654,12.495
18.847,17.877
14.315,13.256
35.709,33.835
13.238,12.327
14.927,12.953
13.191,11.870
15.149,13.484
13.860,12.768
15.008,13.803
14.565,13.565
14.541,13.272
14.304,13.243
35.842,34.453
13.986,13.108
14.598,13.633
13.502,12.284
14.721,13.697
13.036,11.779
13.066,12.049
16.178,14.321
12.911,11.870
13.961,12.918
34.973,33.824
13.422,12.511
15.164,14.145
13.035,12.149
14.839,13.730
13.720,12.413
13.698,12.702
16.742,15.574
15.095,14.041
13.919,11.997
33.535,32.618
18.008,16.859
17.797,16.511
18.902,17.632
19.593,18.537
15.849,14.000
17.682,15.885
15.198,13.533
15.668,14.407
14.860,13.806
36.876,35.463
11.209,8.722
8.186,6.932
9.632,8.021
7.963,6.709
8.043,6.948
9.517,8.296
7.659,6.456
8.957,7.681
7.829,6.594
34.623,33.361
13.756,12.865
18.382,17.370
15.090,13.898
18.367,16.945
18.577,17.356
14.684,13.399
15.693,14.179
13.611,12.689
15.103,14.092
38.365,37.100
16.133,14.967
15.201,14.088
16.248,14.211
15.472,13.855
13.568,12.454
13.131,12.184
15.695,14.400
13.346,12.287
13.627,12.086
34.878,33.953
14.304,12.927
13.473,12.150
13.747,12.588
13.372,11.817
13.528,12.621
13.751,12.536
14.064,13.138
15.225,14.124
15.070,13.953
28.464,26.647
7.635,6.608
8.612,7.419
9.079,7.277
8.437,7.275
8.047,7.068
9.474,8.265
7.347,6.427
8.102,6.197
6.935,5.685
34.245,33.188
13.903,13.000
14.422,13.405
12.797,11.486
14.696,13.620
13.638,12.291
15.644,14.429
20.428,19.119
24.276,23.029
19.505,18.615
50.638,47.947
20.778,19.883
22.265,19.392
19.100,17.388
16.062,13.598
14.651,13.691
15.198,14.051
16.237,14.127
17.273,15.387
14.535,13.587
32.867,31.910
13.409,12.258
13.790,12.859
14.296,13.295
13.524,12.485
13.845,12.827
13.521,12.093
13.189,12.108
14.063,13.074
14.144,12.952
33.411,32.263
13.510,12.626
14.686,13.207
13.628,12.429
14.180,12.874
14.533,13.628
14.599,13.372
13.863,12.594
13.059,12.064
14.021,12.721
28.012,27.088
7.275,6.309
8.195,6.780
8.942,7.212
7.328,6.352
9.394,8.451
8.272,7.390
7.717,6.410
9.052,7.259
7.434,6.288
33.269,32.305
13.801,12.007
13.268,12.400
13.745,12.220
15.335,14.455
14.383,12.321
19.138,17.089
17.788,15.372
17.969,15.788
18.048,15.608
30.448,29.458
7.799,6.886
7.663,6.504
8.738,7.010
8.360,7.429
8.121,6.595
7.258,6.383
6.814,5.787
7.250,6.055
7.356,6.445
28.464,27.594
7.977,6.813
8.386,6.963
7.925,6.618
8.011,7.123
7.463,6.595
9.174,8.098
8.579,7.271
7.311,6.371
7.690,6.648
29.294,28.405
8.349,6.657
9.783,7.039
8.353,6.946
8.261,7.299
7.516,6.626
7.978,6.972
9.486,7.106
7.297,6.252
7.594,6.704
28.737,27.736
8.012,6.410
8.137,6.809
7.396,5.945
7.913,6.933
8.580,7.635
8.875,7.821
7.424,6.211
7.556,6.518
7.966,6.867
28.608,27.548
8.260,6.454
9.368,7.191
7.571,5.934
8.866,7.859
8.775,7.352
7.678,6.477
8.279,6.725
9.020,7.966
7.804,6.306
27.934,26.961
8.525,6.817
8.045,6.612
9.167,8.234
12.538,9.774
12.085,10.113
14.354,10.691
10.634,8.320
10.064,7.808
10.194,7.587
30.894,29.249
8.139,6.681
8.691,7.359
9.446,8.045
9.766,7.803
7.810,6.496
8.138,7.115
8.262,7.088
7.608,6.076
10.607,8.291
35.740,34.766
10.241,9.009
9.233,8.060
9.808,8.583
10.535,9.152
10.055,8.624
11.672,9.601
10.214,8.842
10.561,9.588
9.641,8.638
32.702,31.053
7.948,6.634
8.008,6.198
8.538,7.555
8.298,7.327
10.834,8.324
9.777,8.279
7.162,6.038
8.238,6.864
8.243,7.262
27.631,26.623
7.867,6.466
9.206,7.969
7.171,6.071
7.768,6.660
8.282,7.327
8.058,7.100
8.319,7.301
8.568,7.103
8.108,6.551
28.421,27.440
9.413,8.381
8.223,7.013
8.000,6.806
7.890,6.859
8.391,7.370
8.584,7.570
7.349,6.349
7.950,6.827
6.760,5.749
27.620,26.586
8.334,6.886
10.382,8.543
7.155,5.751
8.834,7.811
12.768,10.180
12.050,9.667
10.868,8.702
10.428,8.609
9.200,7.739
27.599,26.625
6.728,5.692
8.012,6.520
8.503,7.137
7.545,6.043
7.667,6.661
7.673,6.745
8.000,6.921
7.214,6.149
8.384,6.050
27.182,25.917
7.717,6.625
8.104,7.046
7.566,6.274
8.981,7.687
8.184,6.883
7.148,6.191
7.269,6.330
7.501,6.420
7.431,6.410
27.429,26.352
7.720,6.590
11.545,9.575
9.869,8.527
9.342,7.989
8.929,7.971
9.587,8.473
9.376,8.278
9.931,8.348
10.318,9.125
34.672,33.489
10.245,8.712
9.409,8.272
10.178,9.142
7.892,6.532
7.933,6.149
7.483,6.497
7.685,6.708
7.245,6.191
8.979,7.839
27.564,26.528
7.941,6.882
8.276,7.102
7.223,6.217
8.444,6.601
7.920,6.279
8.240,7.290
7.889,6.891
7.733,6.650
8.793,7.288
28.797,27.278
7.814,6.478
10.406,9.229
7.075,6.076
7.323,6.362
9.463,7.441
8.740,7.700
9.269,7.609
7.493,6.328
9.598,7.592
30.448,29.477
7.865,6.335
8.471,6.990
10.067,7.497
7.953,6.603
8.155,7.084
10.037,8.229
8.439,7.286
8.561,7.062
7.826,6.669
28.611,27.685
7.273,6.241
7.333,6.399
8.326,7.236
7.440,6.105
7.871,6.938
7.692,6.771
7.647,6.703
7.397,6.462
7.492,6.246
27.168,26.124
7.363,6.029
10.560,9.110
9.575,8.008
10.855,9.917
10.079,9.123
10.401,9.151
11.151,9.425
9.751,8.534
10.596,9.494
34.785,33.724
10.627,9.301
9.500,8.404
9.928,8.916
8.398,6.468
7.224,6.254
8.399,7.374
10.586,9.295
9.006,7.179
11.254,10.177
28.532,27.340
8.980,7.522
10.076,8.637
7.326,5.916
9.029,7.159
8.802,7.549
8.337,7.379
9.020,7.561
11.019,9.671
8.895,7.473
28.574,27.368
8.139,6.818
8.496,6.867
8.830,7.285
8.740,6.473
7.781,6.442
10.743,9.080
7.908,6.833
9.512,8.327
9.055,7.015
30.718,29.676
8.954,7.101
10.643,9.182
7.685,6.330
9.349,8.017
7.653,6.651
7.679,6.755
9.114,7.509
9.987,7.914
8.409,7.176
29.046,28.127
7.538,6.417
8.310,7.131
7.256,6.188
7.923,6.816
7.829,6.659
7.601,6.617
7.829,6.915
7.442,6.454
8.586,6.899
27.469,26.116
7.516,6.267
11.146,10.108
10.248,9.289
11.130,9.451
11.518,9.473
11.788,9.731
9.678,8.382
10.931,9.924
10.540,8.734
35.450,34.431
10.594,8.994
9.256,8.161
10.041,9.050
9.915,8.992
7.655,6.448
8.039,7.143
7.590,6.684
7.707,6.660
7.097,6.011
28.537,27.386
7.261,5.982
7.371,6.461
7.973,6.981
8.332,7.202
7.156,6.184
7.589,6.704
11.592,9.895
9.290,8.196
10.057,8.957
34.199,33.032
9.339,8.297
10.154,9.252
10.608,9.667
10.101,8.651
10.613,9.714
9.514,8.338
12.514,10.974
9.859,8.681
9.785,8.304
29.697,28.394
9.283,7.322
8.398,7.071
7.406,6.362
8.142,6.704
8.657,6.619
7.507,6.192
7.673,6.575
7.532,6.602
7.239,6.051
30.685,29.750
10.434,8.997
9.794,8.165
10.386,9.059
9.430,8.486
8.360,7.416
9.256,8.247
8.609,7.525
14.398,13.472
10.215,9.237
35.220,34.326
11.578,10.334
10.114,8.769
7.079,5.890
6.993,5.935
9.168,7.900
7.467,6.415
7.248,6.357
6.980,6.083
7.249,6.316
24.953,24.110
7.146,6.101
6.883,5.968
7.330,6.353
6.636,5.524
7.038,6.116
9.825,8.545
7.781,6.478
7.790,6.417
7.183,6.235
24.733,23.843
6.792,5.907
7.474,6.326
6.841,5.638
7.092,6.250
6.778,5.907
7.437,6.460
7.198,6.291
7.141,6.262
7.177,6.181
24.806,23.783
7.004,5.847
7.171,5.683
8.010,6.242
8.179,6.761
9.003,7.593
7.492,6.090
7.777,6.575
7.503,6.267
6.956,6.133
27.745,26.802
6.916,5.757
8.057,7.171
8.943,8.035
7.490,6.470
8.120,7.205
6.804,5.888
7.510,6.130
7.636,6.113
7.521,6.360
24.908,24.008
6.315,5.156
8.013,5.974
6.999,5.682
6.975,6.052
7.367,6.287
6.848,5.921
7.484,6.602
9.858,8.151
12.844,11.209
28.258,26.916
8.558,7.240
9.735,8.012
7.285,6.155
7.274,6.329
7.318,6.411
7.014,6.058
7.479,6.498
6.964,6.012
7.287,5.795
25.225,24.241
6.469,5.447
7.635,5.740
8.249,6.329
8.427,6.820
8.118,6.843
7.385,6.308
6.898,6.003
7.501,6.594
7.528,6.579
25.060,24.117
6.435,5.601
7.018,6.164
7.934,6.828
6.993,5.895
7.456,6.410
8.239,7.086
7.134,6.166
7.004,6.126
7.018,5.924
30.439,29.435
6.939,5.652
7.085,5.834
7.012,6.105
6.708,5.809
7.101,6.145
7.474,6.480
7.095,6.207
7.479,6.578
7.242,5.943
24.231,23.348
6.645,5.761
7.531,6.200
8.216,7.151
7.278,6.377
7.286,6.306
7.336,6.352
7.846,6.575
7.037,6.185
7.195,6.299
24.855,23.919
6.727,5.707
6.458,5.369
6.561,5.534
7.390,5.953
7.140,6.285
7.292,6.176
8.085,6.702
8.886,7.937
9.038,8.123
30.541,29.634
9.295,7.800
10.000,9.077
9.446,8.439
8.737,7.645
10.580,8.214
8.929,7.757
9.622,8.524
8.832,7.804
9.076,8.205
30.087,29.151
9.077,7.871
9.462,8.552
9.187,8.198
8.458,7.429
9.229,8.238
8.527,7.630
11.464,10.049
9.094,8.109
10.142,9.050
29.011,28.087
8.726,7.412
9.618,8.412
8.964,7.655
8.382,7.468
8.803,7.907
9.533,8.248
8.891,7.974
8.234,7.345
8.583,7.663
29.993,29.116
8.575,7.685
9.459,8.227
8.593,7.515
8.548,7.646
8.394,7.502
8.797,7.796
8.879,7.708
8.366,7.478
8.602,7.547
27.539,26.596
8.593,7.407
8.787,7.674
9.097,8.199
9.577,7.929
9.963,8.456
10.738,9.721
9.273,7.730
8.541,7.328
8.162,7.221
28.315,27.314
8.699,7.458
10.359,9.362
9.426,8.494
8.141,7.260
9.467,8.234
8.732,7.492
9.830,8.305
8.706,7.763
9.144,8.165
30.444,29.590
9.048,8.031
9.798,8.900
9.971,8.848
11.076,10.104
9.562,8.600
9.325,8.109
9.902,8.637
12.398,11.513
9.794,8.736
29.000,28.063
9.081,7.964
10.543,9.360
10.174,9.093
9.136,8.230
9.355,8.451
9.526,8.385
9.915,8.618
9.055,8.141
9.048,8.161
29.247,28.321
8.974,7.942
10.350,9.420
8.496,7.567
9.517,8.423
9.103,8.199
9.303,8.121
8.859,7.870
10.450,9.044
9.442,8.226
29.926,29.078
9.906,8.853
9.570,8.212
10.071,9.159
11.209,10.301
9.198,8.278
10.905,9.714
9.165,7.855
11.737,10.859
9.714,8.401
32.014,31.152
9.343,8.026
9.012,8.116
9.476,8.547
8.883,7.974
11.632,9.015
13.021,12.007
11.462,9.928
10.125,8.736
9.776,8.568
33.005,31.990
9.227,8.130
9.148,8.271
12.634,11.576
9.019,7.954
9.802,8.516
9.278,8.225
12.397,11.426
9.652,8.643
9.750,8.805
28.172,27.187
9.034,7.793
9.879,8.979
10.012,8.786
11.657,10.523
10.167,9.108
9.604,8.404
10.632,8.952
10.581,9.680
9.587,8.501
40.135,39.208
16.804,15.913
19.973,19.042
16.646,15.666
17.424,16.384
16.785,15.836
17.275,16.358
18.721,17.770
17.052,16.089
17.410,16.416
26.418,25.509
6.634,5.611
7.419,6.112
7.348,6.317
7.145,6.072
7.175,6.240
7.621,6.699
6.857,5.780
7.057,6.130
6.736,5.827
24.777,23.831
6.995,5.854
7.967,6.414
7.646,6.684
7.629,6.680
7.601,6.615
7.690,6.356
7.831,6.769
7.385,6.061
7.575,6.047
25.402,24.469
6.685,5.482
7.609,6.656
7.040,6.009
9.766,8.085
9.019,7.391
6.519,5.365
8.393,7.137
7.112,5.766
7.214,6.244
24.602,23.568
7.290,6.239
7.362,5.714
7.956,5.974
7.337,6.122
7.501,6.359
6.659,5.713
7.236,6.069
8.464,7.105
7.217,6.170
25.545,24.615
6.582,5.621
6.935,5.830
6.726,5.666
7.889,6.862
7.042,6.017
7.118,6.197
7.645,6.672
6.581,5.631
7.372,6.074
24.660,23.682
6.326,5.353
7.532,5.606
6.602,5.428
7.484,6.521
6.562,5.606
6.660,5.774
7.143,6.225
7.004,6.078
7.052,6.077
25.419,24.531
6.705,5.594
6.988,5.839
6.321,5.423
6.548,5.607
7.360,6.376
6.816,5.788
7.526,6.647
7.262,6.262
7.120,6.174
24.700,23.791
6.871,5.912
7.264,6.310
6.848,5.870
7.710,6.522
7.546,6.253
7.207,6.205
6.985,5.835
7.086,6.218
7.115,6.180
25.146,24.216
6.879,5.623
7.044,5.642
7.314,6.324
7.111,6.142
8.234,7.146
6.967,5.647
7.539,6.258
7.105,6.041
6.990,6.052
25.522,24.557
6.609,5.489
8.435,6.245
7.299,6.082
8.318,6.288
7.785,6.873
6.889,5.976
6.567,5.668
7.048,5.896
7.088,6.141
24.416,23.406
7.624,6.472
6.596,5.616
7.231,6.212
7.582,6.386
6.684,5.736
6.673,5.497
6.897,5.808
6.889,5.702
6.882,5.782
24.353,23.430
7.725,5.730
7.651,6.699
7.943,6.812
9.323,7.364
8.304,6.916
7.037,6.096
7.163,6.244
7.205,6.343
9.104,8.161
30.638,29.570
9.711,8.054
9.597,8.521
9.270,8.254
9.112,7.989
8.572,7.642
8.790,7.867
8.704,7.809
8.994,7.891
9.810,8.518
28.917,27.765
8.296,7.224
8.909,7.455
10.210,8.594
8.792,7.515
9.182,8.209
8.658,7.436
9.183,8.058
8.812,7.694
9.374,8.117
28.148,27.131
8.810,7.597
9.291,8.303
8.836,7.654
8.640,7.711
9.128,8.153
8.294,7.233
9.344,8.189
8.530,7.375
9.516,8.042
27.964,27.001
8.343,7.115
11.761,10.068
9.622,8.277
9.752,8.676
12.606,10.780
14.683,13.087
14.068,12.270
10.507,9.049
13.101,11.429
32.486,31.401
8.995,7.968
10.990,8.649
10.247,8.283
12.284,10.751
10.415,8.740
9.664,8.659
9.298,7.995
10.968,9.726
9.093,7.795
29.446,28.086
9.264,7.832
9.194,8.203
10.590,8.982
8.685,7.685
10.656,9.205
9.199,8.147
9.408,8.444
8.906,7.898
8.903,7.896
28.349,27.455
8.574,7.356
9.194,8.236
9.116,8.151
10.031,9.059
9.993,9.047
8.713,7.838
9.539,8.536
9.309,8.239
10.147,8.835
29.014,28.107
9.282,8.165
10.826,9.504
8.737,7.624
11.083,10.115
9.162,8.167
10.955,9.368
8.926,7.907
11.525,9.729
9.335,8.103
29.484,28.567
9.037,8.044
9.718,8.485
9.457,8.386
10.091,8.770
9.716,8.410
9.345,8.100
9.109,8.007
10.211,9.023
9.675,8.459
28.989,28.069
10.330,8.632
10.067,8.387
13.387,12.064
9.648,8.111
13.786,12.043
10.277,8.557
14.194,12.203
10.214,9.121
9.125,8.117
28.804,27.886
9.757,8.223
9.599,8.179
9.753,8.684
11.838,10.419
9.736,8.779
10.792,9.700
9.760,8.454
11.031,9.739
9.259,8.181
30.360,29.073
9.341,7.798
9.930,8.765
9.930,8.452
10.125,8.519
10.515,9.209
9.128,8.112
9.301,8.366
9.158,8.163
9.111,7.898
30.097,29.210
8.975,7.746
9.458,7.943
13.024,12.138
9.210,8.221
9.951,8.884
9.162,8.021
12.688,11.237
9.489,8.026
12.003,11.027
28.282,26.936
8.824,7.809
9.124,7.940
10.291,8.665
11.023,10.085
9.937,8.978
9.972,9.003
9.184,8.206
10.441,9.115
10.391,9.172
29.111,28.185
9.181,7.827
9.088,8.075
9.210,8.101
9.105,8.195
9.471,8.568
8.638,7.727
8.990,8.000
9.411,8.405
9.367,7.862
28.755,27.800
8.614,7.728
10.406,8.660
9.435,8.179
10.443,9.109
9.649,8.482
10.259,8.566
10.680,9.117
11.724,9.835
10.676,9.619
29.976,29.014
9.059,7.591
10.531,8.629
10.846,9.394
10.684,9.729
10.056,8.901
9.679,8.318
9.915,8.948
10.400,9.061
9.409,8.055
30.436,29.545
8.788,7.509
9.575,8.369
10.328,8.869
9.352,8.167
10.323,9.287
9.192,8.156
9.600,8.305
9.125,7.967
9.753,8.363
35.147,33.847
13.642,12.053
10.494,9.516
11.213,10.243
11.787,10.822
10.360,8.885
10.267,8.741
12.571,11.661
9.621,8.683
10.743,9.705
28.855,27.877
8.654,7.707
9.633,8.207
9.065,7.920
10.772,9.736
9.325,8.200
9.495,8.487
9.426,8.271
10.877,9.423
9.014,7.549
29.761,28.852
9.157,8.179
9.597,8.509
9.128,8.089
9.936,8.773
10.072,9.164
9.635,8.707
9.098,8.036
10.844,9.751
9.265,8.239
33.065,32.098
9.862,8.151
10.821,9.339
10.279,8.688
10.538,9.502
9.985,8.833
8.735,7.683
10.009,8.458
9.622,8.200
10.845,9.750
30.283,29.335
8.786,7.651
10.006,8.975
9.158,8.139
10.506,9.576
9.176,8.218
9.824,8.263
9.303,8.259
11.346,9.398
9.128,8.076
29.989,29.086
9.415,8.177
9.475,8.040
9.869,8.929
9.338,8.366
10.613,9.717
9.026,8.028
9.230,8.136
9.855,8.578
9.116,8.129
33.326,32.412
9.561,8.088
9.546,8.562
12.584,11.665
9.477,8.471
10.257,9.220
9.032,7.999
13.061,12.054
9.286,8.022
10.174,9.216
29.832,29.004
8.807,7.918
9.546,8.234
9.083,8.242
10.318,9.475
9.719,8.875
9.178,8.310
8.797,7.955
10.384,9.116
10.029,8.931
29.670,28.826
8.493,7.454
9.705,8.461
9.950,9.057
9.916,8.876
10.360,9.406
8.859,8.026
9.320,8.450
9.300,8.216
8.544,7.673
29.858,29.013
11.609,8.412
10.724,9.312
11.788,10.190
11.121,9.721
11.720,10.268
10.751,9.224
11.762,10.294
11.068,9.817
10.034,9.022
38.818,37.838
17.089,16.004
16.760,15.671
17.031,15.844
17.295,16.277
17.508,16.471
17.064,16.040
17.395,16.469
16.610,15.645
16.820,15.860
28.368,27.439
9.053,7.991
9.326,8.003
9.287,8.265
8.828,7.869
9.990,8.790
6.773,5.661
6.861,5.650
6.943,5.736
6.931,5.825
25.277,24.333
6.698,5.799
7.101,5.991
7.556,5.820
6.795,5.847
6.943,6.029
6.939,6.039
7.526,6.188
7.241,6.172
7.237,6.273
24.690,23.720
6.297,5.289
7.599,6.607
6.552,5.458
7.389,6.048
7.127,6.159
6.839,5.902
8.291,6.766
7.393,6.304
7.525,6.291
24.682,23.378
6.560,5.622
6.639,5.718
7.605,6.571
6.808,5.859
7.562,6.379
7.368,6.454
7.310,6.332
7.199,6.104
7.204,6.206
24.380,23.389
7.117,6.052
7.202,5.729
12.250,10.422
8.604,7.120
10.520,9.398
9.704,6.826
9.465,7.728
8.534,6.876
9.561,6.303
26.607,25.571
6.669,5.481
7.700,6.647
6.963,6.011
7.632,6.549
7.582,6.509
7.540,6.082
7.493,6.549
7.410,6.239
7.241,6.301
25.254,24.240
8.287,7.186
6.998,6.009
7.583,6.493
6.459,5.548
8.361,7.336
7.259,6.028
6.933,5.848
7.533,6.036
7.022,5.720
24.695,23.696
7.316,6.320
7.860,6.516
8.126,7.112
8.510,7.428
7.058,5.986
7.271,6.321
7.186,6.246
7.271,6.070
7.056,5.923
26.450,25.526
6.583,5.569
7.472,6.114
7.375,5.921
7.189,6.202
7.706,6.204
7.272,6.054
6.728,5.661
7.202,5.877
8.458,6.815
25.305,24.402
6.289,5.266
7.649,5.944
6.853,5.721
7.664,6.626
7.107,6.223
7.672,6.601
7.199,6.212
6.930,5.936
7.551,6.527
24.751,23.731
7.139,6.089
6.647,5.686
7.410,6.318
7.492,5.951
6.698,5.676
7.529,6.266
7.130,5.944
9.107,6.892
7.687,6.091
25.540,24.342
7.401,6.366
11.366,9.015
7.961,6.149
11.578,9.620
7.629,6.530
10.386,8.971
6.594,5.537
6.599,5.654
7.242,6.277
24.708,23.726
6.776,5.513
7.611,6.672
8.731,7.672
8.965,8.017
8.946,8.001
8.761,7.567
8.650,7.604
8.306,7.387
8.501,7.578
28.150,27.220
8.226,7.308
9.007,7.971
8.479,7.507
9.631,8.011
9.094,7.754
9.487,8.361
8.908,7.716
8.564,7.628
8.475,7.546
28.261,27.247
8.677,7.733
9.053,7.944
8.627,7.712
9.070,7.743
11.353,9.287
10.021,8.817
9.403,8.415
9.031,8.009
8.676,7.764
28.265,27.322
8.434,7.385
8.771,7.711
8.680,7.726
8.465,7.510
8.802,7.656
9.123,8.004
9.093,8.080
8.750,7.838
8.396,7.382
27.749,26.807
8.053,7.102
9.365,8.436
8.408,7.420
8.960,7.813
8.735,7.531
9.469,8.078
8.900,7.800
8.833,7.874
8.777,7.562
29.467,28.254
8.796,7.717
8.664,7.700
9.048,8.105
8.949,7.934
8.754,7.574
9.262,7.732
9.546,8.516
8.977,7.954
8.422,7.463
28.888,27.876
8.457,7.237
9.197,8.149
9.777,8.691
9.561,8.388
9.845,8.347
9.275,7.871
9.507,8.382
9.568,8.579
9.778,8.582
28.544,27.579
9.137,8.123
9.551,8.411
8.685,7.716
9.998,8.407
8.837,7.789
10.361,9.469
11.635,10.650
9.673,8.689
9.833,8.828
28.388,27.429
9.106,7.957
9.077,8.094
9.279,8.328
11.659,10.650
9.262,8.264
9.349,8.232
8.852,7.942
9.013,8.026
9.235,8.234
30.250,29.323
8.480,7.286
9.596,8.198
10.151,9.164
9.182,8.060
9.804,8.423
8.881,7.778
10.051,9.025
9.249,8.144
9.034,8.035
28.759,27.798
9.218,8.236
9.989,8.968
12.711,11.616
9.090,7.984
9.089,8.069
10.357,9.179
11.455,10.434
9.829,8.820
10.211,9.294
28.684,27.646
9.319,8.343
10.631,9.485
8.902,7.799
11.747,10.311
9.644,8.430
10.988,9.107
9.349,8.199
9.631,8.603
9.061,8.074
29.628,28.598
8.560,7.671
8.968,8.023
8.817,7.804
10.233,9.210
9.112,8.150
10.245,9.291
9.262,8.263
9.862,8.760
8.705,7.713
32.414,31.390
8.771,7.680
9.110,8.104
12.646,11.264
9.604,8.597
9.487,8.244
9.100,7.848
11.611,10.440
9.037,7.987
9.543,8.569
30.805,29.884
9.381,8.021
9.113,8.170
8.738,7.819
10.448,9.408
9.337,8.202
9.806,8.673
9.291,8.346
9.764,8.823
9.023,7.968
29.925,28.997
8.733,7.769
12.716,11.762
9.157,8.081
10.236,8.861
9.131,8.127
9.774,8.704
9.299,8.035
9.825,8.703
8.968,7.870
32.774,31.875
9.142,7.880
9.161,8.220
12.616,11.185
9.353,8.028
10.510,9.164
9.671,8.681
11.746,10.769
9.495,8.547
9.384,8.089
31.268,30.334
11.532,10.597
9.620,8.333
11.010,8.919
11.538,10.524
9.702,8.131
9.277,8.179
10.854,9.744
9.679,8.338
9.207,8.187
29.557,28.602
8.378,7.418
9.289,8.133
9.065,7.901
10.100,8.657
9.323,8.060
9.646,8.411
9.135,8.066
10.233,8.637
9.044,7.906
32.674,31.698
9.484,8.164
8.995,7.677
12.772,11.357
9.772,8.788
9.993,8.542
8.977,7.714
11.481,10.146
9.608,8.325
9.450,8.436
29.792,28.836
9.096,7.748
9.787,8.834
9.948,8.837
11.790,10.728
10.209,8.409
9.713,8.372
10.091,8.782
9.939,8.711
9.090,8.079
30.099,29.140
8.625,7.631
9.429,8.445
9.543,8.526
9.276,8.175
9.281,8.277
8.724,7.847
10.155,9.203
8.977,8.018
9.852,8.775
33.142,32.054
9.894,8.569
9.245,8.169
12.096,10.882
10.302,8.996
8.933,8.015
10.106,8.941
11.197,10.272
9.898,8.606
9.643,8.073
31.118,29.776
11.953,10.916
9.175,7.968
10.673,9.232
11.397,10.447
10.065,8.500
9.320,8.277
9.262,8.261
9.567,8.579
8.796,7.802
29.568,28.596
8.602,7.525
9.305,8.328
9.478,8.412
9.116,8.145
10.249,8.879
8.937,7.882
10.196,9.261
9.275,8.241
9.386,8.013
32.784,31.846
10.115,9.030
9.864,8.442
11.769,10.412
9.517,8.352
9.295,8.063
8.655,7.746
10.477,9.530
9.506,8.422
9.701,8.579
28.740,27.653
8.627,7.672
9.495,8.534
9.277,8.019
11.964,10.790
9.164,8.043
9.819,8.823
8.898,7.666
9.455,8.454
9.432,8.370
31.109,30.224
10.142,8.950
12.170,10.711
9.734,8.685
10.536,8.756
8.965,7.945
13.948,12.898
9.130,8.216
8.976,8.067
9.221,8.229
32.730,31.863
8.944,7.880
9.078,7.809
11.511,10.524
9.482,8.250
9.102,8.047
9.882,8.891
10.916,9.975
9.400,8.441
9.462,8.312
31.823,30.804
10.562,9.544
9.125,7.952
8.996,8.013
11.075,10.093
11.177,9.650
9.700,8.582
9.664,8.692
9.351,8.329
9.662,8.544
29.586,28.640
8.663,7.536
8.796,7.853
8.701,7.724
8.781,7.821
9.648,8.452
8.909,7.899
10.104,9.084
8.968,8.026
9.439,8.349
32.361,31.409
10.864,8.667
8.926,7.633
11.066,9.793
10.478,8.979
9.214,7.883
10.256,9.319
10.599,9.689
9.097,8.067
9.690,8.393
31.044,30.023
11.247,10.133
9.868,8.842
9.014,8.064
10.511,9.288
9.206,8.018
10.296,9.339
9.019,7.928
9.187,8.094
8.891,7.782
30.766,29.672
9.035,7.922
9.722,8.716
9.853,8.565
9.371,8.288
10.025,8.714
9.379,8.047
9.487,8.535
9.318,8.215
9.066,8.021
32.883,31.862
9.027,8.001
8.871,8.007
10.398,9.385
9.374,8.164
10.646,9.691
8.591,7.544
10.273,9.118
9.487,8.376
10.264,8.680
31.317,30.318
11.326,10.159
10.134,8.719
9.053,7.870
9.554,8.384
9.795,8.434
9.688,8.670
10.293,9.292
9.000,8.026
8.998,8.021
29.491,28.531
8.450,7.493
12.637,11.640
8.931,7.702
10.736,9.065
8.948,7.868
9.903,8.896
9.523,8.524
9.603,8.692
8.736,7.736
32.417,31.396
9.110,7.958
8.707,7.670
11.451,10.147
9.819,8.568
11.268,9.913
9.157,8.099
10.276,9.168
9.114,7.795
8.887,7.906
29.102,28.148
8.796,7.555
9.687,8.703
9.698,8.615
11.054,9.711
10.464,8.539
9.393,8.411
9.872,8.644
9.325,8.148
9.602,8.287
29.944,28.963
8.563,7.516
12.711,11.565
9.340,8.162
9.957,8.824
8.686,7.681
9.087,8.123
9.569,8.630
8.766,7.851
9.078,7.920
33.270,32.087
9.401,8.186
9.897,8.829
9.409,8.310
10.289,8.989
9.518,8.156
12.174,11.027
10.834,9.618
11.322,10.009
10.867,8.910
34.100,32.978
10.860,9.217
14.005,12.834
10.495,8.975
9.728,8.357
11.087,9.586
9.817,8.296
10.492,9.367
9.092,8.052
10.385,8.782
30.602,29.472
9.048,7.778
12.255,10.900
8.972,7.929
10.589,9.357
8.724,7.639
12.854,11.838
9.417,8.193
10.255,8.889
8.999,7.658
30.728,29.724
9.721,8.447
8.805,7.864
10.804,9.736
9.416,8.385
9.133,8.186
10.044,9.091
10.414,9.469
9.679,8.649
8.824,7.885
37.511,36.596
18.250,17.221
19.874,18.843
18.032,16.675
18.069,16.106
15.373,14.387
12.617,11.535
12.678,11.386
12.642,11.704
12.247,11.247
26.163,25.308
6.699,5.721
7.668,6.315
6.661,5.712
7.554,6.538
7.925,6.681
6.819,5.955
7.424,6.472
7.134,6.089
7.371,6.139
24.684,23.694
6.457,5.423
7.804,6.076
6.442,5.560
7.230,6.303
7.158,6.119
6.403,5.575
6.492,5.572
6.990,6.159
6.655,5.829
26.019,24.470
6.489,5.403
6.942,5.689
7.101,5.827
7.419,5.926
7.615,6.560
6.868,5.885
7.003,6.082
7.752,6.542
6.627,5.590
26.918,26.012
6.932,6.059
8.302,7.256
7.427,6.589
7.978,7.038
7.645,6.470
7.153,6.137
9.580,8.258
8.971,7.509
10.889,9.167
35.943,34.729
15.019,14.024
14.581,13.566
13.889,12.866
16.586,15.284
13.460,12.550
12.058,11.147
11.907,11.031
13.181,12.030
11.887,11.009
30.022,29.141
12.036,10.855
12.021,11.163
